period,CCALX,DFSTX,FSMDX,FSSNX,FTIHX,FXAIX,FXNAX,JVMRX,OTCKX,PHIYX,PTRQX,RERGX,RFDTX,RFETX,RFFTX,RFGTX,RFHTX,RFITX,RFJTX,RFKTX,RFTTX,RFUTX,RLLGX,RRCTX,UGLSX,VEIRX
2008-02-01,,10.145489692687988,,,,,,,,3.498234748840332,,,,,,,,,,,,,,,,21.66770362854004
2008-03-01,,10.157118797302246,,,,,,,,3.4728682041168213,,,,,,,,,,,,,,,,21.727846145629883
2008-04-01,,10.501862525939941,,,,,,,,3.603811025619507,,,,,,,,,,,,,,,,22.57514190673828
2008-05-01,,11.003063201904297,,,,,,,,3.583608388900757,,,,,,,,,,,,,,,,22.6031551361084
2008-06-01,,9.99483871459961,,,,,,,,3.472872257232666,,,,,,,,,,,,,,,,20.36757469177246
2008-07-01,,10.333578109741211,,,,,,,,3.4097650051116943,,,,,,,,,,,,,,,,20.691308975219727
2008-08-01,,10.707432746887207,,,,,,,,3.4257700443267822,,,,,,,,,,,,,,,,20.922048568725586
2008-09-01,,9.819527626037598,,,,,,,,3.100088596343994,,,,,,,,,,,,,,,,19.773056030273438
2008-10-01,,7.822900295257568,,,,,,,,2.710587501525879,,,,,,,,,,,,,,,,17.313335418701172
2008-11-01,,6.8677449226379395,,,,,,,,2.5076632499694824,,,,,,,,,,,,,,,,16.243440628051758
2008-12-01,,7.149016380310059,,,,,,,,2.6906983852386475,,,,,,,,,,,,,,,,16.08652687072754
2009-01-01,,6.408988952636719,,,,,,,,2.779327392578125,,,,,,,,,,,,,,,,14.437311172485352
2009-02-01,,5.635183811187744,,,,,,,,2.633316993713379,,,,,,,,,,,,,,,,12.655046463012695
2009-03-01,,6.202246189117432,,,,,,,,2.7058417797088623,,,,,,,,,,,,,,,,13.633345603942871
2009-04-01,,7.370785236358643,,,,,,,,2.9206318855285645,,,,,,,,,,,,,,,,14.8958158493042
2009-05-01,,7.631276607513428,,,,,,,,3.1004250049591064,,21.08698081970215,4.229770183563232,4.205991744995117,4.2062764167785645,4.2328104972839355,4.284719467163086,4.189180850982666,4.281364917755127,,4.132240295410156,,14.332667350769043,4.306992053985596,,15.764245986938477
2009-06-01,,7.808887958526611,,,,,,,,3.171043872833252,,20.745059967041016,4.229770183563232,4.205991744995117,4.2062764167785645,4.226924419403076,4.278785705566406,4.189180850982666,4.281364917755127,,4.1431145668029785,,14.566957473754883,4.306992053985596,,15.617051124572754
2009-07-01,,8.642358779907227,,,,,,,,3.396970748901367,,22.816282272338867,4.518834114074707,4.504329681396484,4.505467891693115,4.533052444458008,4.587380886077881,4.494275093078613,4.5411834716796875,,4.382349967956543,,15.81454849243164,4.582780361175537,,17.0313720703125
2009-08-01,,8.951013565063477,,,,,,,,3.486754894256592,,23.486967086791992,4.648617267608643,4.6388750076293945,4.640397071838379,4.668455600738525,4.723873615264893,4.629220485687256,4.659797191619873,,4.491093158721924,,16.54084587097168,4.706005096435547,,17.739566802978516
2009-09-01,,9.497099876403809,,,,,,,,3.659787654876709,,24.808597564697266,4.83149528503418,4.826066970825195,4.833991527557373,4.862729072570801,4.925648212432861,4.8169708251953125,4.8179473876953125,,4.6378960609436035,,17.753297805786133,4.882040500640869,,18.056522369384766
2009-10-01,,8.84927749633789,,,,,,,,3.74322772026062,,24.302297592163086,4.766603946685791,4.7558698654174805,4.757726669311523,4.786197185516357,4.848499298095703,4.740697860717773,4.778409957885742,,4.610709190368652,,17.155858993530273,4.82922887802124,,17.902141571044922
2009-11-01,,9.075114250183105,,,,,,,,3.7836384773254395,,25.36750030517578,4.984875202178955,4.984011650085449,4.9923882484436035,5.021678924560547,5.079946041107178,4.975384712219238,4.976097583770752,,4.784698486328125,,17.852867126464844,5.034604549407959,,18.889217376708984
2009-12-01,,9.794231414794922,,,,,,,,3.8846633434295654,,25.20969009399414,4.943580627441406,4.9606122970581055,4.97478723526001,5.0157928466796875,5.079946041107178,4.946049213409424,4.880077838897705,,4.692268371582031,,18.450307846069336,4.964189529418945,,19.073678970336914
2010-01-01,,9.529101371765137,,,,,,,,3.954505205154419,,24.27610206604004,4.911715984344482,4.908581256866455,4.911308765411377,4.941476345062256,5.002273082733154,4.896521091461182,4.936718940734863,,4.77793025970459,,18.123708724975586,4.9810791015625,,18.639211654663086
2010-02-01,,9.994223594665527,,,,,,,,3.976918935775757,,24.21582794189453,4.99035120010376,4.9923858642578125,4.995364665985107,5.031758785247803,5.087160110473633,4.980842113494873,4.994866371154785,,4.822688102722168,,18.55550765991211,5.047331809997559,,19.07128143310547
2010-03-01,,10.805213928222656,,,,,,,,4.08840799331665,,25.883344650268555,5.232308387756348,5.249787330627441,5.259543418884277,5.296588897705078,5.360013008117676,5.251865386962891,5.157678127288818,6.634634971618652,4.95136833190918,,19.92779541015625,5.246094226837158,,19.95551300048828
2010-04-01,,11.547117233276367,,,,,,,,4.16560697555542,,25.50832176208496,5.274650573730469,5.291690349578857,5.301570415496826,5.338720321655273,5.402455806732178,5.288003921508789,5.192567348480225,6.67844820022583,4.996126174926758,,20.48973274230957,5.282232761383057,,20.479738235473633
2010-05-01,,10.646024703979492,,,,,,,,3.9884438514709473,,22.985200881958008,4.9303460121154785,4.920883655548096,4.903201580047607,4.930582046508789,4.99241304397583,4.881760120391846,4.941676616668701,6.1726460456848145,4.794714450836182,,18.76732635498047,4.975056171417236,,18.95615577697754
2010-06-01,,9.78073501586914,,,,,,,,4.048433780670166,,22.80426788330078,4.814838886260986,4.78853702545166,4.770845413208008,4.791947364807129,4.852723598480225,4.743142604827881,4.877650260925293,5.997180938720703,4.755551338195801,,18.3173885345459,4.890732288360596,,18.08553695678711
2010-07-01,,10.500039100646973,,,,,,,,4.189303874969482,,24.901752471923828,5.1248860359191895,5.113387107849121,5.101736545562744,5.129492282867432,5.1928391456604,5.080646991729736,5.122115612030029,6.423311710357666,4.968152046203613,,19.608009338378906,5.167794704437256,,19.50486946105957
2010-08-01,,9.699237823486328,,,,,,,,4.197643756866455,,24.171323776245117,4.991139888763428,4.969008922576904,4.95133113861084,4.972775459289551,5.034928321838379,4.923948764801025,5.040627479553223,6.222779273986816,4.91779899597168,,19.021900177001953,5.065401077270508,,18.89788246154785
2010-09-01,,10.942270278930664,,,,,,,,4.3184285163879395,,26.66417121887207,5.368058681488037,5.37206506729126,5.3604326248168945,5.388679504394531,5.453999042510986,5.333775520324707,5.308372974395752,6.749177932739258,5.130400657653809,,21.2479305267334,5.37860107421875,,20.13224220275879
2010-10-01,,11.414676666259766,,,,,,,,4.41044807434082,,27.528635025024414,5.538280963897705,5.5525360107421875,5.546934604644775,5.575534820556641,5.642276763916016,5.5206074714660645,5.436426639556885,6.981043338775635,5.236700534820557,,22.03533172607422,5.523155212402344,,20.814510345458984
2010-11-01,,11.893782615661621,,,,,,,,4.343409538269043,,26.422929763793945,5.453169822692871,5.468316078186035,5.456691265106201,5.485121726989746,5.551175117492676,5.430204391479492,5.35493803024292,6.8682427406311035,5.163968086242676,,21.94652557373047,5.438831806182861,,20.722089767456055
2010-12-01,,12.792105674743652,,,,,,,,4.419320106506348,,27.72296142578125,5.574757099151611,5.642772674560547,5.613111972808838,5.66594934463501,5.696938514709473,5.5507426261901855,5.325835704803467,7.1189093589782715,5.102426052093506,,22.994421005249023,5.468946933746338,,21.938926696777344
2011-01-01,,12.856905937194824,,,,,,,,4.512178421020508,8.31832218170166,28.335229873657227,5.803481101989746,5.8404316902160645,5.830967426300049,5.872482776641846,5.943151950836182,5.814105033874512,5.604185104370117,7.354366779327393,5.363572597503662,,23.167110443115234,5.727942943572998,,22.528169631958008
2011-02-01,,13.578535079956055,,,,,,,,4.572826862335205,8.37812614440918,29.064571380615234,5.941210746765137,5.975826740264893,5.973186492919922,6.020683765411377,6.093451976776123,5.957587242126465,5.701122283935547,7.53342866897583,5.445104122161865,,23.395891189575195,5.84662389755249,,23.35067367553711
2011-03-01,,13.957387924194336,,,,,,,,4.574791431427002,8.410881996154785,29.207712173461914,5.978774547576904,6.018907070159912,6.016469478607178,6.057734966278076,6.131027698516846,5.995015621185303,5.725356578826904,7.584590911865234,5.468398094177246,,24.034067153930664,5.8778557777404785,,23.402400970458984
2011-04-01,,14.298386573791504,,,,,,,,4.636647701263428,8.572630882263184,30.72092628479004,6.172849178314209,6.228152751922607,6.2267069816589355,6.273861408233643,6.350217342376709,6.207118988037109,5.88287878036499,7.853185653686523,5.602341651916504,,25.069604873657227,6.052754878997803,,24.454437255859375
2011-05-01,,14.009528160095215,,,,,,,,4.659209728240967,8.655013084411621,29.950687408447266,6.110245704650879,6.16045618057251,6.152505874633789,6.1935858726501465,6.268804550170898,6.132258892059326,5.858645915985107,7.75725793838501,5.602341651916504,,24.50367546081543,6.0152764320373535,,24.42319107055664
2011-06-01,,13.762795448303223,,,,36.71906280517578,8.441649436950684,,,4.615356922149658,8.622029304504395,29.514446258544922,6.03511905670166,6.074295997619629,6.072120666503906,6.113309383392334,6.18739128112793,6.051161289215088,5.804117202758789,7.648540496826172,5.555752754211426,,23.997947692871094,5.9528117179870605,,23.871074676513672
2011-07-01,,13.303215980529785,,,,35.78874969482422,8.552233695983887,,,4.668562412261963,8.771821022033691,28.962326049804688,5.947472095489502,5.98198127746582,5.973186492919922,6.008334159851074,6.080927848815918,5.9451093673706055,5.7617082595825195,7.520639896392822,5.532458782196045,,23.714977264404297,5.890348434448242,,23.27850914001465
2011-08-01,,12.109724998474121,,,,33.842185974121094,8.655460357666016,,,4.471892833709717,8.831708908081055,26.303979873657227,5.665749549865723,5.668111801147461,5.651648044586182,5.674879550933838,5.742750644683838,5.61447811126709,5.604185104370117,7.104958534240723,5.415986061096191,,21.5897216796875,5.684218883514404,,22.622411727905273
2011-09-01,,10.741429328918457,,,,31.46565055847168,8.730100631713867,6.008973121643066,,4.32689905166626,8.77364730834961,23.37298583984375,5.283860206604004,5.255773067474365,5.231175422668457,5.248800754547119,5.310634613037109,5.190273761749268,5.355782985687256,6.561373710632324,5.223804950714111,,18.97679901123047,5.378145217895508,13.49001693725586,21.34695053100586
2011-10-01,,12.413599967956543,7.910289287567139,7.771072864532471,,34.717750549316406,8.707198143005371,6.871707439422607,,4.597283840179443,8.91867446899414,25.67688751220703,5.71583366394043,5.711191654205322,5.688748836517334,5.718105792999268,5.786587715148926,5.65814733505249,5.6587114334106445,7.156117916107178,5.480045318603516,,20.879297256469727,5.734189510345459,15.106176376342773,23.457374572753906
2011-11-01,,12.371315002441406,7.865131378173828,7.741968154907227,,34.82685852050781,8.724546432495117,6.853607177734375,,4.488291263580322,8.81735897064209,25.056604385375977,5.67827033996582,5.668111801147461,5.645464897155762,5.674879550933838,5.742750644683838,5.61447811126709,5.634478569030762,7.104958534240723,5.456750392913818,,20.475923538208008,5.702956676483154,15.063773155212402,23.748205184936523
2011-12-01,,12.395478248596191,7.819973945617676,7.756520748138428,,34.9761848449707,8.812787055969238,6.811376571655273,,4.597494125366211,8.71445369720459,23.94554901123047,5.521758079528809,5.514254093170166,5.503246307373047,5.532854080200195,5.604974746704102,5.477236747741699,5.46483850479126,6.874734401702881,5.235452175140381,,19.94611358642578,5.553043842315674,14.672690391540527,24.277002334594727
2012-01-01,,13.27534008026123,8.294137954711914,8.309517860412598,,36.75792694091797,8.902871131896973,7.2374444007873535,,4.754242420196533,9.107300758361816,25.93461799621582,5.931479454040527,5.934587001800537,5.907556533813477,5.939720630645752,6.010993957519531,5.88505220413208,5.837011814117432,7.437533855438232,5.638789653778076,,21.881675720214844,5.929180145263672,15.734591484069824,24.99419593811035
2012-02-01,,13.657238960266113,8.64035415649414,8.505975723266602,,38.3471565246582,8.894623756408691,7.540774345397949,,4.842934608459473,9.181249618530273,27.479419708251953,6.150686264038086,6.1686811447143555,6.148680686950684,6.186680793762207,6.261184215545654,6.121734142303467,5.981679916381836,7.7413763999938965,5.761371612548828,,23.155986785888672,6.1033782958984375,16.766048431396484,25.809738159179688
2012-03-01,,14.008822441101074,8.836040496826172,8.716987609863281,,39.612213134765625,8.847081184387207,7.759171009063721,,4.842444896697998,9.123884201049805,27.47245979309082,6.240947246551514,6.263583660125732,6.243861198425293,6.281666278839111,6.357410907745361,6.217686176300049,6.044577598571777,7.866875648498535,5.804275989532471,,23.532211303710938,6.174347400665283,17.422876358032227,26.332117080688477
2012-04-01,,13.81984806060791,8.80593490600586,8.586015701293945,,39.216888427734375,8.950592994689941,7.728838920593262,,4.889609336853027,9.231131553649902,27.361120223999023,6.24739408493042,6.269909381866455,6.243861198425293,6.281666278839111,6.357410907745361,6.217686176300049,6.063448429107666,7.866875648498535,5.828792572021484,,23.568618774414062,6.187252044677734,17.743988037109375,26.57520294189453
2012-05-01,,12.922374725341797,8.211344718933105,8.018465042114258,,36.989601135253906,9.030898094177246,7.194977283477783,,4.810083866119385,9.24087142944336,24.556819915771484,5.892796516418457,5.88397216796875,5.85679292678833,5.889060974121094,5.959672927856445,5.827481269836426,5.830722808837891,7.3714799880981445,5.663305759429932,,21.74817657470703,5.909824848175049,16.629819869995117,25.088069915771484
2012-06-01,,13.413558959960938,8.39950942993164,8.353175163269043,,38.51331329345703,9.04460620880127,7.376976013183594,,4.915462017059326,9.323528289794922,25.788488388061523,6.099107265472412,6.105411529541016,6.078881740570068,6.11069393157959,6.184202671051025,6.051368713378906,5.994258403778076,7.64890193939209,5.804275989532471,,22.24576759338379,6.090474605560303,17.174739837646484,26.102760314941406
2012-07-01,,13.359131813049316,8.462532997131348,8.305187225341797,,38.82282257080078,9.170140266418457,7.425509452819824,,4.9991278648376465,9.505009651184082,26.27558708190918,6.189370632171631,6.19398832321167,6.16137170791626,6.193013668060303,6.2676005363464355,6.134527683258057,6.076028823852539,7.754585266113281,5.883954048156738,,22.318584442138672,6.18079948425293,17.242855072021484,26.85261344909668
2012-08-01,,13.827974319458008,8.72722339630127,8.576406478881836,,39.931732177734375,9.173968315124512,7.656039714813232,,5.056408405303955,9.562012672424316,26.693099975585938,6.292525768280029,6.301544666290283,6.275589466094971,6.313328266143799,6.3894877433776855,6.249670505523682,6.151506423950195,7.899900913238525,5.945245742797852,,22.93146324157715,6.264671325683594,17.617488861083984,27.144834518432617
2012-09-01,,14.248109817504883,8.90872573852539,8.862287521362305,,40.961551666259766,9.192357063293457,7.777371406555176,,5.1198954582214355,9.651444435119629,27.681224822998047,6.427918434143066,6.4533891677856445,6.427877426147461,6.465303421020508,6.543451309204102,6.396795749664307,6.239565372467041,8.091455459594727,6.018795013427734,,23.872028350830078,6.37435245513916,18.035911560058594,27.566951751708984
2012-10-01,,14.102088928222656,8.817974090576172,8.664368629455566,,39.98760223388672,9.148713111877441,7.759171009063721,,5.160449981689453,9.72658920288086,27.688175201416016,6.402127742767334,6.421754837036133,6.396151542663574,6.433642387390137,6.511375904083252,6.371208667755127,6.22698450088501,8.051823616027832,6.012665271759033,,23.70818519592285,6.354997634887695,17.73912239074707,27.556320190429688
2012-11-01,,14.266840934753418,8.96922492980957,8.715683937072754,,40.4381217956543,9.214634895324707,7.856235980987549,,5.207117557525635,9.763670921325684,28.45362091064453,6.479495525360107,6.504004001617432,6.484986782073975,6.5222930908203125,6.601187705993652,6.454367160797119,6.28359317779541,8.16411304473877,6.055569171905518,,23.89629554748535,6.419514179229736,18.074832916259766,27.648950576782227
2012-12-01,,13.833596229553223,9.044852256774902,8.906268119812012,,40.52641677856445,9.193757057189941,8.062500953674316,,5.261175632476807,9.720592498779297,28.655420303344727,6.369893550872803,6.390120029449463,6.389805316925049,6.439974784851074,6.517791748046875,6.377606391906738,6.076028823852539,8.078243255615234,5.841050624847412,,24.18756675720215,6.271124362945557,17.77318000793457,27.58356475830078
2013-01-01,,15.643908500671387,9.79553508758545,9.592826843261719,,42.91420364379883,9.14177417755127,8.654810905456543,,5.330374717712402,9.8001708984375,30.356260299682617,6.810887336730957,6.863377571105957,6.84799861907959,6.894195556640625,6.975507736206055,6.82403564453125,6.486038684844971,8.628364562988281,6.2091240882873535,,25.876379013061523,6.672189235687256,18.993925094604492,29.2913875579834
2013-02-01,,15.799761772155762,9.933500289916992,9.696855545043945,,43.50416946411133,9.18994426727295,8.801403045654297,8.08751392364502,5.357409477233887,9.84260368347168,29.944305419921875,6.850795269012451,6.9025983810424805,6.887242794036865,6.933257579803467,7.015103816986084,6.863481521606445,6.512244701385498,8.682589530944824,6.241063117980957,,26.185239791870117,6.705517768859863,19.063535690307617,29.90644645690918
2013-03-01,,16.559551239013672,10.355062484741211,10.150118827819824,,45.12861251831055,9.198514938354492,9.131224632263184,8.349339485168457,5.400823593139648,9.85747241973877,30.107669830322266,7.0237274169921875,7.085620403289795,7.070380210876465,7.115538597106934,7.199886798858643,7.0475592613220215,6.636725425720215,8.906261444091797,6.349659442901611,,26.883270263671875,6.845492839813232,19.486173629760742,30.73015594482422
2013-04-01,,16.426475524902344,10.48536205291748,10.112964630126953,,45.77513885498047,9.285842895507812,9.14954662322998,8.349339485168457,5.4947285652160645,10.02407169342041,31.151742935180664,7.203311443328857,7.275181293487549,7.260056495666504,7.310842514038086,7.397867202758789,7.231637954711914,6.780859470367432,9.1502685546875,6.477418422698975,,27.3774471282959,7.005465507507324,19.55081558227539,31.755233764648438
2013-05-01,,17.270858764648438,10.715303421020508,10.514214515686035,,47.071659088134766,9.115561485290527,9.51601791381836,8.56752872467041,5.448696613311768,9.808758735656738,30.832124710083008,7.256520748138428,7.334010601043701,7.318921089172363,7.3824543952941895,7.470458984375,7.303953170776367,6.774307727813721,9.238382339477539,6.445478439331055,,28.06311798095703,7.018796443939209,19.824283599853516,32.17531967163086
2013-06-01,,17.212400436401367,10.53901481628418,10.402754783630371,,46.43818664550781,8.968405723571777,9.47326374053955,8.523890495300293,5.3176751136779785,9.530728340148926,29.887489318847656,7.130147933959961,7.209814071655273,7.194650650024414,7.252251625061035,7.33847188949585,7.172469615936279,6.669482707977295,9.075711250305176,6.349659442901611,,27.204484939575195,6.912148952484131,19.481203079223633,31.799453735351562
2013-07-01,,18.495264053344727,11.197502136230469,11.20250415802002,,48.566001892089844,8.984865188598633,10.090156555175781,8.989358901977539,5.412478446960449,9.607300758361816,31.151742935180664,7.416152477264404,7.517031669616699,7.508599281311035,7.57124662399292,7.661840438842773,7.494605541229248,6.866029262542725,9.482390403747559,6.5029706954956055,,28.711727142333984,7.138775825500488,20.271787643432617,33.50905227661133
2013-08-01,,17.870290756225586,10.897364616394043,10.843547821044922,,47.39081573486328,8.92439079284668,9.760332107543945,8.923903465270996,5.376527309417725,9.514760971069336,30.626148223876953,7.269824028015137,7.366692066192627,7.358165740966797,7.421514987945557,7.5100555419921875,7.343398094177246,6.748101234436035,9.285826683044434,6.407150745391846,,28.236083984375,7.005465507507324,20.053010940551758,32.32265090942383
2013-09-01,,18.931440353393555,11.39759635925293,11.539029121398926,,48.87612533569336,9.029077529907227,10.18177318572998,9.403916358947754,5.427567005157471,9.65027904510498,32.742706298828125,7.58243465423584,7.700056552886963,7.69173526763916,7.766550540924072,7.8598198890686035,7.685257911682129,6.9643025398254395,9.719619750976562,6.573237895965576,,30.268388748168945,7.258755683898926,21.10712432861328,32.99662399291992
2013-10-01,,19.59905433654785,11.805476188659668,11.830683708190918,,50.8592529296875,9.093748092651367,10.597107887268066,9.622105598449707,5.546769142150879,9.799325942993164,33.95014572143555,7.841831684112549,7.974592208862305,7.9729814529418945,8.04648494720459,8.143592834472656,7.967948913574219,7.154298305511475,10.072074890136719,6.74571418762207,,30.74403190612793,7.485383033752441,21.9722900390625,34.556400299072266
2013-11-01,,20.5192928314209,11.99787425994873,12.309295654296875,,52.682064056396484,9.05817699432373,10.884176254272461,9.87665843963623,5.568185329437256,9.748729705810547,34.62488555908203,7.981509208679199,8.1314697265625,8.129955291748047,8.215746879577637,8.315176010131836,8.132305145263672,7.239467620849609,10.282191276550293,6.790430068969727,,31.460590362548828,7.5853657722473145,22.509292602539062,35.380367279052734
2013-12-01,,20.23213005065918,12.182574272155762,12.369123458862305,,53.723873138427734,8.997982025146484,11.073517799377441,10.283943176269531,5.589122295379639,9.733424186706543,34.82374954223633,7.941601753234863,8.098786354064941,8.110334396362305,8.189706802368164,8.301977157592773,8.119156837463379,7.056024074554443,10.261857986450195,6.483806610107422,,30.447526931762695,7.492048740386963,22.320348739624023,34.96559143066406
2014-01-01,,20.079391479492188,12.114935874938965,12.203178405761719,,52.145538330078125,9.14480972290039,11.071121215820312,10.058481216430664,5.622467994689941,9.844278335571289,33.84344482421875,7.942517280578613,8.087462425231934,8.075946807861328,8.159146308898926,8.260236740112305,8.0794677734375,7.215888977050781,10.209738731384277,6.784825325012207,,31.484161376953125,7.554324150085449,22.07035255432129,34.74299240112305
2014-02-01,,20.997922897338867,12.817476272583008,12.77994441986084,,54.52930450439453,9.188592910766602,11.577766418457031,10.63304328918457,5.732293128967285,9.960411071777344,35.792762756347656,8.276294708251953,8.448988914489746,8.450638771057129,8.539106369018555,8.644590377807617,8.45588207244873,7.440323829650879,10.687997817993164,6.967103004455566,,33.22859573364258,7.821188449859619,23.182584762573242,36.17586898803711
2014-03-01,,21.09247589111328,12.786251068115234,12.696467399597168,,54.991207122802734,9.167057037353516,11.765412330627441,10.34939956665039,5.74235725402832,9.954797744750977,35.51942825317383,8.262669563293457,8.428903579711914,8.43056583404541,8.519107818603516,8.617618560791016,8.428995132446289,7.453924179077148,10.653339385986328,6.987356185913086,,32.37907028198242,7.828030586242676,22.823793411254883,36.750186920166016
2014-04-01,,20.488557815551758,12.715998649597168,12.210769653320312,,55.14790725708008,9.242945671081543,11.590274810791016,10.131211280822754,5.770256519317627,10.050520896911621,35.454689025878906,8.296730041503906,8.455682754516602,8.450638771057129,8.539106369018555,8.637846946716309,8.4491605758667,7.508333683013916,10.681066513061523,7.054868221282959,,31.451738357543945,7.882772445678711,22.2343692779541,37.6396369934082
2014-05-01,,20.603469848632812,12.997014999389648,12.309426307678223,,56.685752868652344,9.351062774658203,11.85297966003418,10.291214942932129,5.816174030303955,10.209468841552734,36.22435760498047,8.480646133422852,8.649834632873535,8.658056259155273,8.745750427246094,8.85362434387207,8.657532691955566,7.644353866577148,10.944453239440918,7.169636249542236,,32.21046447753906,8.033310890197754,22.772544860839844,38.20673751831055
2014-06-01,,21.53630828857422,13.348287582397461,12.863424301147461,,57.86222839355469,9.35507869720459,12.153214454650879,10.53122329711914,5.850332260131836,10.227865219116211,36.569618225097656,8.596446990966797,8.783733367919922,8.791875839233398,8.892403602600098,8.99522876739502,8.798689842224121,7.719165802001953,11.124664306640625,7.237146854400635,,33.3972053527832,8.12226676940918,23.30047035217285,38.709537506103516
2014-07-01,,20.289220809936523,13.025893211364746,12.183862686157227,,56.79344940185547,9.326151847839355,11.91552734375,10.393037796020508,5.7702789306640625,10.202282905578613,35.82154083251953,8.467022895812988,8.636445999145508,8.637983322143555,8.725752830505371,8.833396911621094,8.63736629486084,7.630751609802246,10.916728973388672,7.156133651733398,,32.17155456542969,8.012784004211426,22.88018035888672,37.99614334106445
2014-08-01,,21.251178741455078,13.653645515441895,12.795731544494629,,59.345218658447266,9.434905052185059,12.3846435546875,10.880324363708496,5.877124309539795,10.347600936889648,36.080482482910156,8.67818832397461,8.877463340759277,8.885549545288086,8.979060173034668,9.089630126953125,8.892791748046875,7.78717565536499,11.235565185546875,7.304656505584717,,33.13132858276367,8.197535514831543,23.88477325439453,39.36112976074219
2014-09-01,24.951709747314453,20.065656661987305,13.198527336120605,12.023244857788086,,58.51277542114258,9.374347686767578,11.890508651733398,10.603951454162598,5.753191947937012,10.236769676208496,35.03029251098633,8.521517753601074,8.703394889831543,8.704894065856934,8.792413711547852,8.900825500488281,8.704584121704102,7.6783599853515625,11.006834983825684,7.196639060974121,,31.730579376220703,8.067525863647461,23.57212257385254,38.50800704956055
2014-10-01,27.395729064941406,21.299386978149414,13.59871768951416,12.818675994873047,,59.66154479980469,9.467386245727539,12.403409004211426,10.99669075012207,5.866860389709473,10.359345436096191,35.152584075927734,8.65093994140625,8.843987464904785,8.852093696594238,8.945730209350586,9.055916786193848,8.859182357788086,7.78717565536499,11.200909614562988,7.297905921936035,,32.27531814575195,8.183850288391113,24.207679748535156,39.528743743896484
2014-11-01,26.867950439453125,21.374048233032227,13.95182991027832,12.833974838256836,,61.55264663696289,9.536312103271484,12.67862606048584,11.24397087097168,5.841155052185059,10.448509216308594,35.87907791137695,8.780364990234375,8.99797248840332,8.99929428100586,9.099047660827637,9.217748641967773,9.01378345489502,7.889193058013916,11.394986152648926,7.38566780090332,,32.58659362792969,8.300175666809082,24.981630325317383,40.50556182861328
2014-12-01,27.387605667114258,21.143266677856445,13.692880630493164,12.841621398925781,,60.933719635009766,9.531481742858887,12.484720230102539,10.45849323272705,5.632202625274658,10.413942337036133,33.87220764160156,8.351222038269043,8.515936851501465,8.544310569763184,8.612432479858398,8.75247859954834,8.536542892456055,7.494731426239014,10.85434627532959,6.9738545417785645,,29.5905704498291,7.903301239013672,21.670562744140625,38.7236213684082
2015-01-01,26.510684967041016,20.959930419921875,13.762791633605957,12.782044410705566,,59.561092376708984,9.75395679473877,12.649138450622559,10.932429313659668,5.837204456329346,10.679834365844727,34.81805419921875,8.63212776184082,8.809247970581055,8.801250457763672,8.884967803955078,8.9983549118042,8.798750877380371,7.810249328613281,11.112975120544434,7.323628902435303,,32.41782760620117,8.201027870178223,24.357030868530273,39.10953140258789
2015-02-01,28.09401512145996,22.34274673461914,14.523829460144043,13.537164688110352,,62.982887268066406,9.653611183166504,13.415947914123535,11.726667404174805,5.959715366363525,10.622539520263672,36.4352912902832,8.900995254516602,9.158266067504883,9.17665958404541,9.273685455322266,9.397193908691406,9.190427780151367,7.973259449005127,11.614852905273438,7.4652838706970215,,34.10066604614258,8.414227485656738,26.04988670349121,40.94105911254883
2015-03-01,28.80042839050293,22.693721771240234,14.531839370727539,13.781007766723633,,61.97993850708008,9.697837829589844,13.435281753540039,11.843463897705078,5.9225664138793945,10.664092063903809,36.51579284667969,8.816089630126953,9.067521095275879,9.079331398010254,9.176504135131836,9.292235374450684,9.0855131149292,7.902385234832764,11.485797882080078,7.394456386566162,,34.465877532958984,8.336052894592285,25.759855270385742,40.053043365478516
2015-04-01,28.483762741088867,22.211078643798828,14.403666496276855,13.427044868469238,,62.07263946533203,9.669169425964355,13.325735092163086,11.7578125,5.981155872344971,10.626884460449219,37.532958984375,8.95052433013916,9.221089363098145,9.239226341247559,9.336155891418457,9.46016788482666,9.253376960754395,7.994521617889404,11.68654727935791,7.486531734466553,7.926974296569824,35.08888244628906,8.449760437011719,26.18010902404785,41.0456657409668
2015-05-01,28.751707077026367,22.5979061126709,14.61194896697998,13.741679191589355,,63.37666320800781,9.631368637084961,13.622148513793945,11.960265159606934,5.996032238006592,10.590229034423828,37.60613250732422,8.97175121307373,9.283912658691406,9.315698623657227,9.419452667236328,9.544134140014648,9.337307929992676,7.994521617889404,11.79409408569336,7.479450702667236,7.996986389160156,36.642822265625,8.456865310668945,26.257055282592773,41.424346923828125
2015-06-01,29.75042724609375,22.773740768432617,14.203392028808594,13.678753852844238,,62.16163635253906,9.527629852294922,13.229080200195312,11.94469165802002,5.906367301940918,10.444833755493164,36.92558288574219,8.816089630126953,9.11638355255127,9.148850440979004,9.252860069274902,9.376201629638672,9.169445037841797,7.859861373901367,11.586172103881836,7.34487771987915,7.849181652069092,36.585533142089844,8.314733505249023,25.72433853149414,39.909645080566406
2015-07-01,29.9615421295166,22.536577224731445,14.416291236877441,13.687651634216309,,63.07927703857422,9.6051607131958,13.435281753540039,12.279516220092773,5.934469223022461,10.540594100952148,36.976802825927734,8.922223091125488,9.228070259094238,9.260083198547363,9.363921165466309,9.495153427124023,9.288347244262695,7.930735111236572,11.736736297607422,7.41570520401001,7.950311183929443,36.399349212646484,8.407121658325195,27.032455444335938,40.767852783203125
2015-08-01,28.28888511657715,21.408695220947266,13.657538414001465,12.82769775390625,,59.63961410522461,9.584542274475098,12.816678047180176,11.7033052444458,5.865610599517822,10.516280174255371,34.503387451171875,8.547219276428223,8.760385513305664,8.759537696838379,8.843318939208984,8.963369369506836,8.763778686523438,7.68267822265625,11.069957733154297,7.1890549659729,7.506898403167725,34.14363479614258,8.108641624450684,25.48165512084961,38.4616584777832
2015-09-01,27.241453170776367,20.534576416015625,13.16515827178955,12.206615447998047,,58.16057586669922,9.65496826171875,12.51382064819336,11.189388275146484,5.700206756591797,10.526638984680176,33.30327224731445,8.391559600830078,8.543992042541504,8.516217231750488,8.593428611755371,8.697476387023926,8.504992485046387,7.583454132080078,10.747323989868164,7.096978664398193,7.289082050323486,32.5825309753418,7.9807233810424805,24.90750503540039,37.69291305541992
2015-10-01,29.149574279785156,21.797332763671875,13.980411529541016,12.891397476196289,,62.734439849853516,9.649985313415527,13.319293022155762,11.929118156433105,5.886293411254883,10.559289932250977,35.22784423828125,8.816089630126953,9.053561210632324,9.058475494384766,9.155678749084473,9.278241157531738,9.071525573730469,7.881122589111328,11.464288711547852,7.366124629974365,7.771389961242676,33.706809997558594,8.343159675598145,27.458629608154297,41.07941436767578
2015-11-01,30.213241577148438,22.348630905151367,14.020772933959961,13.313411712646484,,63.26216506958008,9.639122009277344,13.525491714477539,12.022557258605957,5.767877101898193,10.517632484436035,35.11076736450195,8.8019380569458,9.060541152954102,9.079331398010254,9.176504135131836,9.299234390258789,9.092507362365723,7.852773666381836,11.49296760559082,7.337793350219727,7.786948204040527,34.279693603515625,8.3218412399292,27.517824172973633,41.20536804199219
2015-12-01,29.660491943359375,20.044498443603516,13.173229217529297,12.310129165649414,,61.71500778198242,9.59322452545166,12.333393096923828,11.399627685546875,5.52061653137207,10.428924560546875,33.16423034667969,8.186369895935059,8.432307243347168,8.432792663574219,8.558722496032715,8.704473495483398,8.504992485046387,7.328310966491699,10.833357810974121,6.912825584411621,7.592470645904541,31.601478576660156,7.874123573303223,25.523088455200195,39.0137939453125
2016-01-01,26.98815155029297,19.81776237487793,12.745503425598145,11.539307594299316,,59.15980529785156,9.728862762451172,12.042624473571777,11.018499374389648,5.625245571136475,10.571157455444336,32.22580337524414,8.443405151367188,8.563824653625488,8.515393257141113,8.58528995513916,8.689132690429688,8.496391296386719,7.646987438201904,10.7345609664917,7.16487979888916,7.276669979095459,30.562793731689453,8.051497459411621,25.47964859008789,39.42633819580078
2016-02-01,26.69858169555664,20.026681900024414,12.887494087219238,11.539307594299316,,59.0817985534668,9.808613777160645,12.049493789672852,10.882467269897461,5.650295734405518,10.609490394592285,31.2871150970459,8.420888900756836,8.526910781860352,8.471235275268555,8.534099578857422,8.637720108032227,8.444940567016602,7.654491424560547,10.67475700378418,7.172312259674072,7.23746395111084,30.448410034179688,8.044075965881348,24.956571578979492,39.518314361572266
2016-03-01,28.651126861572266,21.496597290039062,13.939870834350586,12.463433265686035,,63.08705520629883,9.896086692810059,13.141777992248535,11.634639739990234,5.830790042877197,10.784011840820312,33.51272201538086,8.841184616088867,9.014163970947266,8.986427307128906,9.067936897277832,9.18124771118164,8.981477737426758,7.9696760177612305,11.34753704071045,7.46217679977417,7.692255973815918,32.72079086303711,8.400273323059082,26.19179916381836,41.84408187866211
2016-04-01,28.44428825378418,21.751667022705078,14.090217590332031,12.659708023071289,,63.000343322753906,9.934040069580078,13.347871780395508,11.650642395019531,5.975695610046387,10.894155502319336,33.959354400634766,8.946257591247559,9.132284164428711,9.1041841506958,9.192255973815918,9.313459396362305,9.106425285339355,8.05972957611084,11.50451946258545,7.543934345245361,7.802033424377441,33.307952880859375,8.489320755004883,26.740083694458008,42.582881927490234
2016-05-01,29.271636962890625,22.028417587280273,14.324076652526855,12.954120635986328,,64.47218322753906,9.928977966308594,13.75318431854248,11.930706024169922,5.988989353179932,10.897970199584961,34.088043212890625,8.976278305053711,9.18396282196045,9.17778491973877,9.272698402404785,9.39425277709961,9.187272071838379,8.06723403930664,11.609173774719238,7.551366329193115,7.872602939605713,33.887481689453125,8.51158332824707,27.427021026611328,43.13874053955078
2016-06-01,30.30582618713379,21.84890365600586,14.290667533874512,12.823270797729492,,64.63777160644531,10.119365692138672,13.581441879272461,11.882695198059082,6.023590087890625,11.136616706848145,33.40673828125,9.05133056640625,9.235641479492188,9.207223892211914,9.287323951721191,9.401598930358887,9.194623947143555,8.187304496765137,11.624124526977539,7.662853717803955,7.880446910858154,33.58246994018555,8.600632667541504,27.206445693969727,43.5291633605957
2016-07-01,30.80223846435547,23.01132583618164,15.038886070251465,13.724090576171875,8.748233795166016,66.6944580078125,10.182136535644531,14.158498764038086,12.458826065063477,6.172649383544922,11.292306900024414,35.26140594482422,9.268982887268066,9.508796691894531,9.516339302062988,9.609089851379395,9.73946762084961,9.525364875793457,8.329889297485352,12.03526782989502,7.789204120635986,8.154888153076172,35.45070266723633,8.778729438781738,28.737869262695312,44.85014343261719
2016-08-01,31.6875,23.356454849243164,15.005263328552246,13.963558197021484,8.817870140075684,67.11542510986328,10.160102844238281,14.378328323364258,12.442822456359863,6.293789863586426,11.296189308166504,35.72317886352539,9.26147747039795,9.516180038452148,9.531059265136719,9.631027221679688,9.761503219604492,9.54741382598877,8.307374954223633,12.065167427062988,7.76690673828125,8.178412437438965,35.77096939086914,8.763888359069824,28.574010848999023,44.776817321777344
2016-09-01,32.27491760253906,23.401473999023438,15.038886070251465,14.120452880859375,8.957143783569336,67.13294982910156,10.162636756896973,14.385197639465332,12.418816566467285,6.322398662567139,11.29389762878418,36.15467071533203,9.314014434814453,9.575242042541504,9.597297668457031,9.696844100952148,9.827608108520508,9.61356258392334,8.344898223876953,12.15487289428711,7.796637535095215,8.241143226623535,36.548763275146484,8.808412551879883,28.542503356933594,44.276939392089844
2016-10-01,30.52093505859375,22.6533203125,14.55972957611084,13.451590538024902,8.783050537109375,65.5739517211914,10.07988452911377,13.952406883239746,11.98671817779541,6.3173980712890625,11.19823169708252,35.397666931152344,9.186424255371094,9.420206069946289,9.428020477294922,9.521334648132324,9.651328086853027,9.444517135620117,8.254844665527344,11.930612564086914,7.71488094329834,8.092158317565918,35.244815826416016,8.697102546691895,27.471134185791016,43.82779312133789
2016-11-01,33.87997817993164,25.3975830078125,15.34151554107666,14.962725639343262,8.574139595031738,68.34698486328125,9.8269624710083,14.98973274230957,12.17876148223877,6.286951541900635,10.886219024658203,34.48926544189453,9.23145580291748,9.508796691894531,9.538419723510742,9.645652770996094,9.790884017944336,9.576813697814941,8.254844665527344,12.102544784545898,7.71488094329834,8.201936721801758,35.603206634521484,8.719364166259766,27.427021026611328,45.50623321533203
2016-12-01,33.50767517089844,25.442697525024414,15.27426528930664,15.160907745361328,8.70470905303955,68.97200775146484,9.837156295776367,14.742424964904785,11.650642395019531,6.396623611450195,10.838482856750488,34.09561538696289,9.013805389404297,9.257789611816406,9.288183212280273,9.389703750610352,9.533807754516602,9.326919555664062,8.074738502502441,11.825958251953125,7.5662312507629395,8.092158317565918,35.47357940673828,8.519003868103027,26.166587829589844,45.902347564697266
2017-01-01,33.94055938720703,26.145723342895508,15.895148277282715,15.442153930664062,9.086956977844238,71.01586151123047,9.862060546875,15.520082473754883,12.602203369140625,6.471036434173584,11.019214630126953,36.19163131713867,9.510170936584473,9.84349536895752,9.910134315490723,10.035385131835938,10.19119644165039,9.972919464111328,8.4633150100708,12.604671478271484,7.894330024719238,8.538644790649414,37.17005920410156,8.948463439941406,28.5943546295166,47.00191879272461
2017-02-01,34.50149154663086,26.454774856567383,16.33929443359375,15.735252380371094,9.209399223327637,73.83586120605469,9.93606948852539,15.915857315063477,12.98153305053711,6.5640459060668945,11.141048431396484,36.61479568481445,9.680965423583984,10.050322532653809,10.13935661315918,10.270885467529297,10.427490234375,10.20946216583252,8.59519100189209,12.89852523803711,8.016841888427734,8.747689247131348,38.153076171875,9.101821899414062,29.73891830444336,48.84069061279297
2017-03-01,35.288475036621094,26.346603393554688,16.31366729736328,15.760374069213867,9.463027954101562,73.91590881347656,9.929168701171875,15.816913604736328,13.124835968017578,6.5486249923706055,11.152022361755371,37.899654388427734,9.758598327636719,10.142247200012207,10.24632740020752,10.384838104248047,10.549449920654297,10.323918342590332,8.633978843688965,13.045451164245605,8.047469139099121,8.844171524047852,38.7751350402832,9.155497550964355,30.202041625976562,48.53309631347656
2017-04-01,36.343353271484375,26.635944366455078,16.441783905029297,15.936233520507812,9.681675910949707,74.23617553710938,10.002632141113281,15.739173889160156,13.47044849395752,6.630675792694092,11.269787788391113,39.099891662597656,9.867286682128906,10.280132293701172,10.40678596496582,10.551966667175293,10.717143058776855,10.491786003112793,8.7037935256958,13.261968612670898,8.108725547790527,8.988893508911133,39.804222106933594,9.239845275878906,31.25398826599121,49.006900787353516
2017-05-01,37.641029357910156,25.970041275024414,16.586986541748047,15.618011474609375,9.979035377502441,75.72884368896484,10.075356483459473,15.880520820617676,14.043661117553711,6.694504261016846,11.382309913635254,40.454002380371094,10.022555351257324,10.456319808959961,10.597805976867676,10.749484062194824,10.92294979095459,10.690177917480469,8.812397956848145,13.50942325592041,8.208266258239746,9.15773868560791,40.5107536315918,9.370200157165527,31.98174285888672,49.433650970458984
2017-06-01,38.34429168701172,26.58173942565918,16.646774291992188,15.978104591369629,10.022764205932617,76.2031478881836,10.062360763549805,16.134950637817383,14.052088737487793,6.7086687088012695,11.402853012084961,39.946205139160156,10.030319213867188,10.479301452636719,10.63601016998291,10.795065879821777,10.968684196472168,10.735958099365234,8.812397956848145,13.571288108825684,8.208266258239746,9.19793701171875,41.032981872558594,9.377866744995117,32.18022537231445,49.5300178527832
2017-07-01,39.14801025390625,26.85533332824707,16.996984481811523,16.285417556762695,10.390091896057129,77.38446044921875,10.109267234802246,16.339906692504883,14.39770221710205,6.783572196960449,11.479500770568848,42.56719970703125,10.224404335021973,10.70910930633545,10.88815689086914,11.060954093933105,11.243091583251953,11.010653495788574,8.936516761779785,13.911537170410156,8.315462112426758,9.423063278198242,41.78559875488281,9.523558616638184,32.72273635864258,50.614112854003906
2017-08-01,39.50801467895508,26.234397888183594,16.868024826049805,16.082164764404297,10.451313018798828,78.00293731689453,10.19985294342041,16.120811462402344,14.541004180908203,6.787331581115723,11.600738525390625,42.96025085449219,10.255456924438477,10.739751815795898,10.926362037658691,11.098937034606934,11.281204223632812,11.04880428314209,8.967546463012695,13.957934379577637,8.338433265686035,9.45522403717041,42.123504638671875,9.554228782653809,32.40517044067383,50.551780700683594
2017-09-01,42.10337448120117,28.02734375,17.3322811126709,17.08148193359375,10.634976387023926,79.6128158569336,10.150997161865234,16.700345993041992,14.768603324890137,6.838724613189697,11.558696746826172,43.612709045410156,10.395198822021484,10.923598289489746,11.147944450378418,11.33443832397461,11.525121688842773,11.285346984863281,9.06063461303711,14.267251968383789,8.422658920288086,9.664266586303711,43.313873291015625,9.661580085754395,32.80213165283203,51.729183197021484
2017-10-01,43.526634216308594,28.379045486450195,17.624591827392578,17.23392105102539,10.836132049560547,81.06079864501953,10.145745277404785,16.940635681152344,15.316524505615234,6.868321418762207,11.591379165649414,44.94908142089844,10.527176856994629,11.099785804748535,11.361886978149414,11.56234359741211,11.761418342590332,11.521889686584473,9.122693061828613,14.561102867126465,8.468602180480957,9.86527156829834,44.0357666015625,9.753595352172852,33.390953063964844,53.00841522216797
2017-11-01,44.16291427612305,29.250324249267578,18.217809677124023,17.733577728271484,10.91484260559082,83.96525573730469,10.13780403137207,17.43535614013672,15.611559867858887,6.835621356964111,11.58818244934082,44.95693588256836,10.643628120422363,11.252991676330566,11.537626266479492,11.752263069152832,11.967223167419434,11.727909088134766,9.200267791748047,14.816289901733398,8.537515640258789,10.042154312133789,45.04182434082031,9.853279113769531,34.29072952270508,54.5980339050293
2017-12-01,41.30801773071289,27.958951950073242,18.03726577758789,17.208513259887695,10.95857048034668,84.47144317626953,10.185220718383789,16.460052490234375,14.31340503692627,6.850147724151611,11.690616607666016,44.131526947021484,10.472832679748535,11.069144248962402,11.369528770446777,11.58513355255127,11.807150840759277,11.567671775817871,9.006332397460938,14.646166801452637,8.369062423706055,9.98587417602539,43.53658676147461,9.661580085754395,32.34562683105469,54.34702682495117
2018-01-01,45.13883972167969,29.820240020751953,19.072967529296875,18.135852813720703,11.778891563415527,89.76828002929688,10.067216873168945,18.236658096313477,16.613515853881836,6.872416019439697,11.58388900756836,48.24699783325195,11.112030029296875,11.854351043701172,12.252700805664062,12.522327423095703,12.764345169067383,12.522919654846191,9.480888366699219,15.826470375061035,8.764131546020508,10.720035552978516,47.6893424987793,10.196502685546875,36.761566162109375,57.50689697265625
2018-02-01,43.46702575683594,28.480642318725586,18.28410530090332,17.431629180908203,11.173018455505371,86.45194244384766,9.975425720214844,17.550617218017578,16.156850814819336,6.793030738830566,11.42937183380127,46.287315368652344,10.82506275177002,11.508008003234863,11.868332862854004,12.116620063781738,12.34981632232666,12.115670204162598,9.249063491821289,15.311595916748047,8.56727409362793,10.376340866088867,46.044883728027344,9.952037811279297,35.164161682128906,54.842559814453125
2018-03-01,44.616947174072266,28.683610916137695,18.301639556884766,17.657678604125977,11.119558334350586,84.2531509399414,10.031190872192383,17.49784278869629,16.348648071289062,6.752726078033447,11.530272483825684,45.931007385253906,10.721435546875,11.37419319152832,11.711447715759277,11.944976806640625,12.169926643371582,11.935540199279785,9.193105697631836,15.08188533782959,8.520027160644531,10.220858573913574,46.125099182128906,9.87317943572998,34.846092224121094,53.691566467285156
2018-04-01,44.289669036865234,28.970409393310547,18.275339126586914,17.814170837402344,11.208658218383789,84.1259536743164,9.947011947631836,17.46014976501465,16.248184204101562,6.7908782958984375,11.43326187133789,46.05247497558594,10.745348930358887,11.41355037689209,11.766357421875,12.015193939208984,12.240317344665527,12.006026268005371,9.193105697631836,15.16901683807373,8.520027160644531,10.2781400680542,46.23740005493164,9.88895034790039,35.8003044128418,53.9769287109375
2018-05-01,47.09370803833008,30.483173370361328,18.68730354309082,18.900930404663086,10.994821548461914,86.60674285888672,10.01364803314209,17.550617218017578,16.960580825805664,6.765877723693848,11.464136123657227,45.70426940917969,10.82506275177002,11.523750305175781,11.907553672790527,12.163433074951172,12.396743774414062,12.162659645080566,9.241068840026855,15.367046356201172,8.559399604797363,10.409071922302246,47.75351333618164,9.952037811279297,36.48590850830078,54.69109344482422
2018-06-01,49.06626510620117,30.678380966186523,18.678539276123047,18.918319702148438,10.789892196655273,87.13653564453125,10.010066986083984,17.37722396850586,17.316781997680664,6.790212631225586,11.464186668395996,43.331600189208984,10.8410062789917,11.531621932983398,11.907553672790527,12.163433074951172,12.396743774414062,12.162659645080566,9.257057189941406,15.374968528747559,8.56727409362793,10.417254447937012,47.593082427978516,9.96781063079834,37.06550216674805,54.341148376464844
2018-07-01,50.99459457397461,31.398813247680664,19.28291130065918,19.374385833740234,11.0304594039917,89.95885467529297,10.023438453674316,17.935102462768555,17.609046936035156,6.8761982917785645,11.493571281433105,45.583858489990234,11.016373634338379,11.752020835876465,12.1585693359375,12.428704261779785,12.670488357543945,12.43677043914795,9.392955780029297,15.715576171875,8.685388565063477,10.64638614654541,48.098453521728516,10.109756469726562,38.09038543701172,57.13580322265625
2018-08-01,54.85124969482422,32.55629348754883,19.883296966552734,20.205345153808594,10.789892196655273,93.32698822021484,10.07357406616211,18.161270141601562,18.63197898864746,6.9300923347473145,11.540267944335938,44.49951171875,11.064201354980469,11.807120323181152,12.237011909484863,12.514527320861816,12.756523132324219,12.522919654846191,9.416936874389648,15.826470375061035,8.70113754272461,10.720035552978516,49.847198486328125,10.149188041687012,39.9351806640625,57.60328674316406
2018-09-01,54.196678161621094,31.667800903320312,19.750858306884766,19.724262237548828,10.825532913208008,93.85924530029297,10.016186714172363,18.01049041748047,18.63197898864746,6.97227668762207,11.462264060974121,44.25762176513672,11.080145835876465,11.830734252929688,12.268387794494629,12.545734405517578,12.803451538085938,12.569910049438477,9.424931526184082,15.881921768188477,8.70901107788086,10.76095199584961,49.18138885498047,10.164958000183105,40.45822525024414,57.258056640625
2018-10-01,47.95172119140625,28.616540908813477,18.108633041381836,17.581270217895508,9.925631523132324,87.05013275146484,9.94068717956543,16.427316665649414,16.814449310302734,6.847625255584717,11.384029388427734,40.19553756713867,10.585922241210938,11.201022148132324,11.476120948791504,11.69530963897705,11.911824226379395,11.68492603302002,9.137146949768066,14.765036582946777,8.47278118133545,9.999911308288574,43.98329162597656,9.810091018676758,37.581478118896484,54.92881774902344
2018-11-01,48.62398910522461,28.90254783630371,18.55891990661621,17.86117172241211,10.032551765441895,89.21621704101562,10.001011848449707,16.781646728515625,17.13411521911621,6.807562351226807,11.43842601776123,40.77106475830078,10.753320693969727,11.389937400817871,11.695758819580078,11.921567916870117,12.146462440490723,11.9120454788208,9.257057189941406,15.058120727539062,8.58302116394043,10.196308135986328,44.641075134277344,9.944151878356934,38.59222412109375,57.12307357788086
2018-12-01,43.40510940551758,24.31017303466797,16.448747634887695,15.079657554626465,9.355398178100586,80.2844467163086,10.187994003295898,13.208197593688965,15.060850143432617,6.680092811584473,11.541217803955078,37.526397705078125,9.940244674682617,10.398138046264648,10.526968002319336,10.673236846923828,10.87159252166748,10.65896987915039,8.625530242919922,13.505573272705078,8.055441856384277,9.238869667053223,38.41618728637695,9.250190734863281,32.04003143310547,48.10707092285156
2019-01-01,47.35297393798828,28.02501106262207,18.526315689086914,17.505178451538086,10.275408744812012,87.64907836914062,10.293963432312012,16.548629760742188,17.186635971069336,6.99375581741333,11.798354148864746,41.84330749511719,10.847204208374023,11.480549812316895,11.767087936401367,11.990297317504883,12.213685989379883,11.97509765625,9.347525596618652,15.13554859161377,8.663811683654785,10.2539644241333,44.92426300048828,10.04116439819336,38.832950592041016,55.43606185913086
2019-02-01,50.15900421142578,29.361562728881836,19.325176239013672,18.408727645874023,10.457435607910156,90.4626235961914,10.282256126403809,17.18084144592285,18.157310485839844,7.106229305267334,11.810284614562988,42.90078353881836,11.022024154663086,11.695141792297363,12.039398193359375,12.286151885986328,12.509973526000977,12.271591186523438,9.473051071166992,15.509163856506348,8.770466804504395,10.50882625579834,46.97135543823242,10.173067092895508,40.54093551635742,57.55913543701172
2019-03-01,49.66593551635742,28.40809440612793,19.486740112304688,18.025402069091797,10.530244827270508,92.22343444824219,10.487780570983887,17.001428604125977,18.652164459228516,7.179003715515137,12.08027458190918,43.78630447387695,11.196846008300781,11.884969711303711,12.253946304321289,12.499824523925781,12.732189178466797,12.493962287902832,9.615314483642578,15.783148765563965,8.893532752990723,10.687231063842773,47.60784912109375,10.329703330993652,41.89309310913086,57.637779235839844
2019-04-01,52.947113037109375,29.68330192565918,20.222768783569336,18.63689613342285,10.821489334106445,95.40966796875,10.485934257507324,17.855772018432617,19.632354736328125,7.284189224243164,12.108089447021484,45.10169982910156,11.413290977478027,12.149081230163574,12.575766563415527,12.844986915588379,13.094321250915527,12.856344223022461,9.7492094039917,16.239788055419922,9.016597747802734,11.00156021118164,49.24990463256836,10.494582176208496,43.36385726928711,59.768287658691406
2019-05-01,50.10521697998047,26.97007942199707,18.98409080505371,17.19486427307129,10.229902267456055,89.85740661621094,10.675148963928223,16.830562591552734,19.05185317993164,7.191849708557129,12.329021453857422,42.65145492553711,11.080300331115723,11.711647033691406,12.006391525268555,12.220406532287598,12.435900688171387,12.197467803955078,9.55673599243164,15.40953254699707,9.249269485473633,10.440863609313965,47.39450454711914,10.263751029968262,41.466094970703125,56.530094146728516
2019-06-01,54.32771682739258,28.94099998474121,20.222768783569336,18.34484100341797,10.830589294433594,96.19147491455078,10.800761222839355,17.958293914794922,20.374635696411133,7.383958339691162,12.52946662902832,45.41120529174805,11.529838562011719,12.256376266479492,12.641780853271484,12.902514457702637,13.151932716369629,12.90576171875,9.874734878540039,16.29790496826172,9.531885147094727,11.044038772583008,49.81083679199219,10.618242263793945,44.06761169433594,59.64161682128906
2019-07-01,54.73114013671875,29.204326629638672,20.582168579101562,18.520471572875977,10.63036060333252,97.12846374511719,10.834733009338379,18.32566261291504,20.63157844543457,7.4131083488464355,12.572047233581543,45.10263442993164,11.554811477661133,12.281136512756348,12.683040618896484,12.951823234558105,13.201313972473145,12.955177307128906,9.88310432434082,16.36432647705078,9.531885147094727,11.086515426635742,50.1905403137207,10.634730339050293,44.51042175292969,60.320579528808594
2019-08-01,53.10848617553711,27.458738327026367,19.99667739868164,17.61368179321289,10.37552261352539,96.03257751464844,11.1173095703125,17.855772018432617,20.583995819091797,7.454057693481445,12.899106979370117,43.95741271972656,11.513188362121582,12.198601722717285,12.534507751464844,12.779241561889648,13.012019157409668,12.76574993133545,9.89984130859375,16.123552322387695,9.557578086853027,10.925102233886719,49.20675277709961,10.634730339050293,44.90578842163086,59.26079559326172
2019-09-01,52.35542678833008,28.357206344604492,20.384000778198242,17.980058670043945,10.648563385009766,97.821044921875,11.04999828338623,18.342748641967773,20.346086502075195,7.496873378753662,12.869163513183594,44.758209228515625,11.57978630065918,12.289388656616211,12.641780853271484,12.886077880859375,13.127242088317871,12.872817993164062,9.958419799804688,16.26469612121582,9.608963012695312,11.01855182647705,48.809783935546875,10.692439079284668,44.328556060791016,60.97398376464844
2019-10-01,51.503753662109375,28.997684478759766,20.600181579589844,18.456356048583984,11.00351619720459,99.45893096923828,11.083295822143555,18.394010543823242,20.45076560974121,7.517099380493164,12.893221855163574,46.29951477050781,11.754607200622559,12.495726585388184,12.897586822509766,13.165495872497559,13.415299415588379,13.161075592041016,10.067209243774414,16.630008697509766,9.703167915344238,11.264918327331543,50.0783576965332,10.8160982131958,44.763458251953125,62.15819549560547
2019-11-01,54.7401123046875,29.898500442504883,21.338794708251953,19.21659278869629,11.130931854248047,103.5756607055664,11.079689979553223,18.992048263549805,21.38337516784668,7.556835174560547,12.90198802947998,47.24668884277344,11.971052169799805,12.776342391967773,13.268918991088867,13.576403617858887,13.843273162841797,13.589345932006836,10.19273567199707,17.169673919677734,9.814502716064453,11.630221366882324,52.788089752197266,10.972733497619629,46.756107330322266,63.48976516723633
2019-12-01,54.013946533203125,30.05292320251465,21.284751892089844,19.262392044067383,11.303858757019043,105.96900177001953,11.056480407714844,19.017681121826172,21.469022750854492,7.683478355407715,12.445406913757324,47.832210540771484,11.762932777404785,12.553500175476074,13.062623023986816,13.370949745178223,13.645747184753418,13.41639232635498,9.941682815551758,16.995319366455078,9.608963012695312,11.579248428344727,52.08908462524414,10.717170715332031,45.02439880371094,63.818634033203125
2020-01-01,55.805484771728516,29.53863525390625,21.65175437927246,19.138256072998047,11.227914810180664,106.65583038330078,11.286239624023438,19.042070388793945,22.288612365722656,7.680027961730957,13.235574722290039,47.777130126953125,12.215137481689453,13.035226821899414,13.556098937988281,13.870278358459473,14.148124694824219,13.891921043395996,10.386589050292969,17.546932220458984,9.985784530639648,11.891121864318848,53.76325988769531,11.185004234313965,48.8775749206543,64.2154312133789
2020-02-01,52.29818344116211,26.641998291015625,19.77662467956543,17.53007698059082,10.461311340332031,97.87421417236328,11.488656997680664,17.141366958618164,20.906967163085938,7.566910743713379,13.377909660339355,44.832088470458984,11.808255195617676,12.5103759765625,12.892090797424316,13.139811515808105,13.38266372680664,13.126360893249512,10.107049942016602,16.58699607849121,9.75459098815918,11.231481552124023,50.85980987548828,10.875503540039062,45.809593200683594,58.16669845581055
2020-03-01,44.54182434082031,20.672639846801758,15.924756050109863,13.721236228942871,8.806573867797852,85.78756713867188,11.464509963989258,13.646525382995605,18.172462463378906,6.831920623779297,12.544044494628906,38.22347640991211,10.97717571258545,11.443465232849121,11.512335777282715,11.601533889770508,11.791536331176758,11.543627738952637,9.478090286254883,14.589293479919434,9.203283309936523,9.88581371307373,42.05057907104492,10.187725067138672,41.598472595214844,49.90419006347656
2020-04-01,49.376956939697266,23.646682739257812,18.206315994262695,15.611549377441406,9.498385429382324,96.23600006103516,11.65648078918457,15.415844917297363,20.44641876220703,7.105305194854736,12.907193183898926,41.67414474487305,11.738998413085938,12.346898078918457,12.598892211914062,12.770280838012695,13.004233360290527,12.75648307800293,9.984753608703613,16.119998931884766,9.656778335571289,10.9148530960083,48.010292053222656,10.78093433380127,48.10427474975586,55.452632904052734
2020-05-01,54.58754348754883,25.016353607177734,19.49027442932129,16.627243041992188,9.919081687927246,101.41022491455078,11.70711898803711,16.125322341918945,22.547670364379883,7.37105131149292,13.170419692993164,44.43290710449219,12.085281372070312,12.785706520080566,13.176665306091309,13.397623062133789,13.657885551452637,13.4102201461792,10.211877822875977,16.941566467285156,9.861295700073242,11.477746963500977,53.53853225708008,11.04744815826416,51.96236801147461,57.32928466796875
2020-06-01,56.327457427978516,25.564224243164062,19.721200942993164,17.182109832763672,10.339778900146484,103.4221420288086,11.78610897064209,16.08152961730957,22.921865463256836,7.384129524230957,13.398999214172363,46.92555236816406,12.301708221435547,13.026622772216797,13.48711109161377,13.741372108459473,14.010514259338379,13.762894630432129,10.334176063537598,17.391267776489258,9.968000411987305,11.77678394317627,55.48914337158203,11.185004234313965,53.60142517089844,56.27470397949219
2020-07-01,58.32378005981445,26.707901000976562,21.008316040039062,17.701141357421875,10.779170989990234,108.76808166503906,11.956511497497559,16.738454818725586,24.6489200592041,7.710651397705078,13.735797882080078,49.613346099853516,12.699934005737305,13.508451461791992,14.056259155273438,14.360119819641113,14.646964073181152,14.390826225280762,10.622448921203613,18.178239822387695,10.225870132446289,12.313291549682617,58.581363677978516,11.511699676513672,56.745059967041016,58.73202896118164
2020-08-01,60.1094856262207,27.806705474853516,21.742353439331055,18.700246810913086,11.265310287475586,117.11692810058594,11.85091781616211,17.421655654907227,25.43568992614746,7.767803192138672,13.642471313476562,52.35436248779297,13.080845832824707,14.016095161437988,14.668526649475098,15.04761791229248,15.36942195892334,15.121981620788574,10.840838432312012,19.09493637084961,10.412604331970215,12.928956031799316,61.50279235839844,11.76961612701416,61.04863357543945,60.80779266357422
2020-09-01,57.865909576416016,26.583847045898438,21.324230194091797,18.078163146972656,11.040938377380371,112.67053985595703,11.838669776916504,16.974946975708008,25.531639099121094,7.680502414703369,13.640728950500488,51.45843505859375,12.855761528015137,13.732158660888672,14.340832710266113,14.695276260375977,14.999592781066895,14.75210189819336,10.692334175109863,18.627941131591797,10.288114547729492,12.61232852935791,61.2510986328125,11.606268882751465,58.955684661865234,59.20075607299805
2020-10-01,59.157108306884766,27.53394317626953,21.454315185546875,18.455184936523438,10.788521766662598,109.24432373046875,11.687348365783691,17.15888786315918,25.138254165649414,7.708889961242676,13.545967102050781,50.97054672241211,12.647991180419922,13.491244316101074,14.064882278442383,14.394495010375977,14.689967155456543,14.442438125610352,10.543828010559082,18.23877716064453,10.154733657836914,12.348472595214844,60.594905853271484,11.434324264526367,58.098331451416016,58.460350036621094
2020-11-01,66.76695251464844,31.743974685668945,24.4183349609375,21.848373413085938,12.190841674804688,121.66895294189453,11.911232948303223,19.830379486083984,27.632888793945312,7.978968143463135,13.885162353515625,57.818668365478516,13.539670944213867,14.601173400878906,15.418767929077148,15.906991958618164,16.263891220092773,15.999364852905273,11.17279052734375,20.21053695678711,10.697149276733398,13.685344696044922,68.52320861816406,12.130701065063477,63.41056823730469,65.40946960449219
2020-12-01,72.05079650878906,34.12431716918945,25.096622467041016,23.54496955871582,12.686327934265137,125.76548767089844,11.90071964263916,20.417234420776367,29.15845489501953,8.096672058105469,13.965570449829102,61.473365783691406,13.383842468261719,14.506529808044434,15.45326042175293,16.03589630126953,16.42730712890625,16.180002212524414,10.928194046020508,20.46997833251953,10.474847793579102,13.92281436920166,73.68289947509766,11.86418628692627,58.972496032714844,66.90220642089844
2021-01-01,72.69181823730469,35.59579086303711,25.49959945678711,24.929044723510742,12.917743682861328,125.06446075439453,11.842129707336426,20.37449073791504,28.691423416137695,8.09309196472168,13.843286514282227,60.77594757080078,13.852228164672852,15.009480476379395,15.976110458374023,16.537433624267578,16.92945671081543,16.664953231811523,11.366908073425293,21.04941177368164,10.86420726776123,14.247629165649414,75.46906280517578,12.360685348510742,63.61501693725586,66.82666015625
2021-02-01,75.79618835449219,38.87153244018555,26.91939926147461,26.477611541748047,13.193397521972656,128.51986694335938,11.662321090698242,22.218658447265625,28.836523056030273,8.102015495300293,13.570145606994629,62.1298828125,13.996149063110352,15.224029541015625,16.28954315185547,16.91126251220703,17.321094512939453,17.065340042114258,11.476380348205566,21.549522399902344,10.956747055053711,14.591381072998047,78.11775207519531,12.47754955291748,64.81075286865234,69.45549774169922
2021-03-01,74.19363403320312,40.504940032958984,27.648229598999023,26.75312042236328,13.402515411376953,134.14950561523438,11.514189720153809,23.477657318115234,28.691423416137695,8.103755950927734,13.348779678344727,61.46181869506836,14.239012718200684,15.510093688964844,16.620885848999023,17.267288208007812,17.69493293762207,17.43903350830078,11.686203956604004,22.022844314575195,11.132573127746582,14.907995223999023,77.35054779052734,12.702289581298828,66.09918212890625,73.7943344116211
2021-04-01,77.70094299316406,41.619789123535156,29.05856704711914,27.313644409179688,13.801738739013672,140.89527893066406,11.608678817749023,24.701190948486328,30.39394760131836,8.179828643798828,13.501784324645996,63.688697814941406,14.607805252075195,15.974949836730957,17.220884323120117,17.94373893737793,18.398101806640625,18.14193344116211,11.932516098022461,22.924835205078125,11.345416069030762,15.52313232421875,82.20037078857422,12.98995590209961,70.86358642578125,76.79359436035156
2021-05-01,74.23027038574219,42.51426315307617,29.295196533203125,27.37064552307129,14.21997356414795,142.29747009277344,11.63476276397705,25.304092407226562,29.745826721191406,8.203451156616211,13.59719181060791,65.55928039550781,14.787705421447754,16.171621322631836,17.435810089111328,18.175155639648438,18.62952423095703,18.355470657348633,12.087602615356445,23.183820724487305,11.484225273132324,15.695008277893066,81.6980209350586,13.160758972167969,70.03861999511719,78.9774169921875
2021-06-01,76.74856567382812,42.21014404296875,29.607553482055664,27.8266658782959,14.14393138885498,145.61688232421875,11.728553771972656,24.780986785888672,30.984025955200195,8.305593490600586,13.769707679748535,63.02063751220703,14.850668907165527,16.269954681396484,17.588048934936523,18.370969772338867,18.852046966552734,18.58680534362793,12.114971160888672,23.49639320373535,11.502734184265137,15.912114143371582,83.4425048828125,13.196717262268066,73.2087173461914,77.81269836425781
2021-07-01,78.93719482421875,41.68928527832031,29.943288803100586,26.882787704467773,13.963329315185547,148.5858917236328,11.851532936096191,24.763254165649414,32.22222900390625,8.327589988708496,13.950116157531738,64.77677917480469,14.994588851928711,16.430864334106445,17.749242782592773,18.51338005065918,18.99445915222168,18.72916603088379,12.224443435668945,23.675006866455078,11.595273971557617,16.029714584350586,83.42424011230469,13.313582420349121,75.73922729492188,78.93745422363281
2021-08-01,81.18077087402344,42.63941955566406,30.70326805114746,27.482725143432617,14.210468292236328,153.5995330810547,11.830230712890625,25.06470489501953,33.26696014404297,8.378114700317383,13.924736022949219,66.97039031982422,15.18348217010498,16.690113067626953,18.107450485229492,18.94061279296875,19.457304000854492,19.20962905883789,12.333917617797852,24.291217803955078,11.687813758850098,16.45488166809082,86.75791931152344,13.44842529296875,78.84442901611328,80.74457550048828
2021-09-01,79.83463287353516,41.59069061279297,29.439802169799805,26.663766860961914,13.716191291809082,146.46017456054688,11.731145858764648,24.382007598876953,31.690187454223633,8.371697425842285,13.768044471740723,64.21907043457031,14.823683738708496,16.225257873535156,17.525362014770508,18.281965255737305,18.754135131835938,18.50672721862793,12.087602615356445,23.38922691345215,11.474970817565918,15.848793029785156,83.22330474853516,13.160758972167969,74.23760223388672,77.45732116699219
2021-10-01,84.12031555175781,43.58777618408203,31.18775749206543,27.79697608947754,14.077393531799316,156.16815185546875,11.699054718017578,25.463682174682617,33.78932571411133,8.337457656860352,13.770859718322754,65.464599609375,15.282426834106445,16.833145141601562,18.322376251220703,19.198732376098633,19.72433090209961,19.476552963256836,12.370408058166504,24.630577087402344,11.715576171875,16.681034088134766,86.2555923461914,13.493372917175293,79.11324310302734,81.8406982421875
2021-11-01,82.69175720214844,42.74298095703125,30.104785919189453,26.635196685791016,13.478557586669922,155.64080810546875,11.75465202331543,24.58592987060547,32.53178024291992,8.25754165649414,13.802163124084473,62.137001037597656,15.075542449951172,16.54707908630371,17.93730354309082,18.726999282836914,19.216981887817383,18.960500717163086,12.251811981201172,23.969715118408203,11.613781929016113,16.237773895263672,81.51536560058594,13.358530044555664,75.5353012084961,79.57913970947266
2021-12-01,79.5782241821289,42.284637451171875,30.3897762298584,26.244762420654297,13.630643844604492,162.03109741210938,11.713644981384277,24.523866653442383,32.44471740722656,8.41879653930664,13.76906681060791,60.166465759277344,14.544840812683105,15.974949836730957,17.570138931274414,18.442174911499023,18.99445915222168,18.764755249023438,11.950762748718262,23.746450424194336,11.447209358215332,16.17445182800293,75.82527160644531,12.873090744018555,72.10567474365234,79.9084243774414
2022-01-01,72.15521240234375,41.499629974365234,29.020912170410156,24.612442016601562,13.578675270080566,154.19505310058594,11.469769477844238,25.753652572631836,28.799999237060547,8.178046226501465,13.479337692260742,58.8076057434082,15.004935264587402,16.386226654052734,17.633346557617188,18.317075729370117,18.74429702758789,18.41570281982422,12.309779167175293,23.19684410095215,11.689398765563965,15.698351860046387,72.90677642822266,13.385626792907715,71.44999694824219,84.54795837402344
2022-02-01,70.79615020751953,42.02277374267578,28.815231323242188,24.87911033630371,13.149463653564453,149.58180236816406,11.343191146850586,25.91490936279297,27.950000762939453,8.102876663208008,13.128850936889648,56.26738357543945,14.765239715576172,16.080657958984375,17.245697021484375,17.87671661376953,18.27732276916504,17.931568145751953,12.156026840209961,22.58124351501465,11.56412124633789,15.275849342346191,71.03277587890625,13.213032722473145,66.87999725341797,83.43669891357422
2022-03-01,70.96001434326172,42.02277374267578,29.54981231689453,25.185283660888672,13.120199203491211,155.12953186035156,11.025908470153809,26.12359619140625,28.31999969482422,8.030255317687988,12.910003662109375,55.7181510925293,14.765239715576172,16.128402709960938,17.38751983642578,18.082841873168945,18.51080894470215,18.164325714111328,12.136807441711426,22.86106300354004,11.535210609436035,15.463626861572266,69.94625091552734,13.193856239318848,68.44000244140625,85.16329956054688
2022-04-01,62.8153190612793,38.9134521484375,27.277503967285156,22.69638442993164,12.271533012390137,141.18153381347656,10.611490249633789,24.71971321105957,25.420000076293945,7.720487594604492,12.365375518798828,51.530216217041016,13.988627433776855,15.154396057128906,16.186752319335938,16.71491813659668,17.063194274902344,16.69330406188965,11.627504348754883,20.967632293701172,11.101556777954102,14.177339553833008,63.19784164428711,12.589776992797852,60.63999938964844,82.54291534423828
2022-05-01,61.25385284423828,39.58979797363281,27.297094345092773,22.735891342163086,12.456873893737793,141.85546875,10.679443359375,25.099140167236328,25.040000915527344,7.78117036819458,12.357513427734375,52.167720794677734,14.122856140136719,15.28808307647705,16.300209045410156,16.827348709106445,17.16592788696289,16.786407470703125,11.752427101135254,21.070232391357422,11.22683334350586,14.243062019348145,62.260833740234375,12.724017143249512,59.15999984741211,85.582275390625
2022-06-01,59.44178009033203,36.20808792114258,24.37835121154785,20.859342575073242,11.393601417541504,130.1451873779297,10.51042366027832,22.547489166259766,23.40999984741211,7.248222351074219,12.037059783935547,47.293243408203125,13.375006675720215,14.38092041015625,15.20344352722168,15.581225395202637,15.858403205871582,15.4829683303833,11.195075988769531,19.409982681274414,10.7449951171875,13.116386413574219,56.45939254760742,12.091171264648438,54.630001068115234,77.89612579345703
2022-07-01,64.55992889404297,39.972476959228516,27.005935668945312,23.051942825317383,11.8228120803833,141.52993774414062,10.767818450927734,24.34977149963379,25.969999313354492,7.7113542556762695,12.355500221252441,49.93003845214844,13.940688133239746,15.068453788757324,16.035472869873047,16.518159866333008,16.829708099365234,16.460546493530273,11.598674774169922,20.659833908081055,11.101556777954102,13.961393356323242,61.05469512939453,12.56101131439209,60.59000015258789,82.288818359375
2022-08-01,61.947837829589844,38.65406799316406,26.156755447387695,22.587743759155273,11.344827651977539,136.3550262451172,10.461430549621582,23.581430435180664,24.520000457763672,7.4939117431640625,12.064451217651367,47.64256286621094,13.528411865234375,14.610097885131836,15.524909973144531,15.965370178222656,16.26934051513672,15.901930809020996,11.291171073913574,19.96961784362793,10.822089195251465,13.491945266723633,59.15078353881836,12.21582317352295,56.47999954223633,80.38963317871094
2022-09-01,56.92608642578125,35.023681640625,23.737577438354492,20.424772262573242,10.203516006469727,123.79066467285156,10.015216827392578,21.54200553894043,22.450000762939453,7.208349704742432,11.480952262878418,43.1070556640625,12.627157211303711,13.56924819946289,14.35250473022461,14.709877014160156,14.971155166625977,14.626424789428711,10.589677810668945,18.3466796875,10.186062812805176,12.402824401855469,53.90755844116211,11.429561614990234,51.7400016784668,73.8076400756836
2022-10-01,61.157466888427734,39.35451126098633,25.85065460205078,22.66675567626953,10.554688453674316,133.2040252685547,9.876761436462402,24.008285522460938,23.700000762939453,7.418455600738525,11.343559265136719,45.23677444458008,13.087371826171875,14.142193794250488,15.061620712280273,15.525010108947754,15.821045875549316,15.464348793029785,10.945229530334473,19.39133071899414,10.494440078735352,13.09760856628418,56.94783401489258,11.822691917419434,55.18000030517578,82.3766098022461
2022-11-01,63.89485549926758,41.108497619628906,27.400903701782227,23.200090408325195,11.978888511657715,141.2744140625,10.247849464416504,25.497539520263672,25.3799991607666,7.577453136444092,11.777321815490723,50.787837982177734,13.806458473205566,14.963414192199707,16.007108688354492,16.574377059936523,16.92310333251953,16.5350284576416,11.48336124420166,20.743778228759766,10.98591423034668,14.01772689819336,60.77558898925781,12.436360359191895,58.16999816894531,87.88088989257812
2022-12-01,57.995975494384766,37.10211944580078,25.59392547607422,21.43218421936035,11.422865867614746,132.4957733154297,10.180000305175781,23.14508819580078,24.049999237060547,7.367735862731934,11.594832420349121,48.34260940551758,12.972317695617676,13.932113647460938,14.692880630493164,15.000327110290527,15.232659339904785,14.83125114440918,10.858743667602539,18.626495361328125,10.43661880493164,12.665715217590332,58.0443229675293,11.717218399047852,54.84000015258789,79.35723114013672
2023-01-01,65.55000305175781,41.130001068115234,27.540000915527344,23.31999969482422,12.699999809265137,139.47999572753906,10.4399995803833,25.739999771118164,25.700000762939453,7.760000228881836,12.100000381469727,53.470001220703125,14.0,15.1899995803833,16.25,16.829999923706055,17.18000030517578,16.809999465942383,11.619999885559082,21.100000381469727,11.109999656677246,14.260000228881836,63.349998474121094,12.59000015258789,58.88999938964844,86.26000213623047
